{
  "project_info": {
    "project_number": "1005423674231",
    "project_id": "my-application-4f7a4",
    "storage_bucket": "my-application-4f7a4.appspot.com"
  },
  "client": [
    {
      "client_info": {
        "mobilesdk_app_id": "1:1005423674231:android:6ede593cd52a6b62479772",
        "android_client_info": {
          "package_name": "com.example.myapplication"
        }
      },
      "oauth_client": [],
      "api_key": [
        {
          "current_key": "AIzaSyDgz9bpxYdsVowtaNZaOjlv7Hw01qraB3c"
        }
      ],
      "services": {
        "appinvite_service": {
          "other_platform_oauth_client": []
        }
      }
    }
  ],
  "configuration_version": "1"
}